,BLEU-1,BLEU-4,ROUGE-L,Micro-F1-14,Macro-F1-14,Micro-F1-5,Macro-F1-5,Micro-F1-14+,Macro-F1-14+,Micro-F1-5+,Macro-F1-5+,F1-RadGraph
median,28.09918412967802,8.266288709472944,0.24510565272003937,0.6197630148658348,0.3595760188702383,0.571458779233887,0.4657971925851804,0.6091228639393902,0.39882988866477465,0.597744586924174,0.5475859935087086,0.23143055130091564
ci_l,27.590642551509553,8.081886356747987,0.24329917405872914,0.614524951195358,0.35186331070247295,0.5643223909126417,0.4575910823141918,0.6045956460904416,0.39197911409324476,0.5920328638608015,0.5412607736723132,0.22887020217396037
ci_h,28.575832032399767,8.443046664571607,0.24708506446247389,0.62468919987173,0.36654805548276415,0.5780410612397923,0.47414477074295514,0.6137057319380357,0.40490881304402276,0.6039891779218577,0.5548678022201499,0.23429607203480676
