,BLEU-1,BLEU-4,ROUGE-L,Micro-F1-14,Macro-F1-14,Micro-F1-5,Macro-F1-5,Micro-F1-14+,Macro-F1-14+,Micro-F1-5+,Macro-F1-5+,F1-RadGraph
median,35.00387814590191,16.557913278645607,0.3602372642345739,0.6789001899011136,0.36528102759315706,0.5820542593941644,0.44654883120316513,0.6497655254936046,0.40175406159541643,0.5797912803236631,0.51629887041262,0.20643221778476473
ci_l,34.85722705673683,16.44312778528397,0.35922997461700434,0.6770166836298029,0.36122161831249705,0.5789446824451301,0.44249548724070153,0.6479944226985213,0.39884003529096235,0.5770764345168274,0.5134042297520091,0.20525596401868867
ci_h,35.146334242578845,16.673918650238512,0.3613995862389801,0.6805222815221981,0.36844522092875454,0.5849780091689144,0.4500077562475718,0.6515789572789835,0.40490223721993257,0.5824693998375313,0.5195715485895928,0.20768087642704558
