,BLEU-1,BLEU-4,ROUGE-L,Micro-F1-14,Macro-F1-14,Micro-F1-5,Macro-F1-5,Micro-F1-14+,Macro-F1-14+,Micro-F1-5+,Macro-F1-5+,F1-RadGraph
median,19.005540725655777,4.702578331764839,0.20116550812759,0.5837568495313414,0.3425541530849125,0.5266098302533659,0.43020249098483965,0.5789730763675209,0.3815795427881984,0.5667810837038205,0.5097724203235778,0.12723649993677183
ci_l,18.763243799261247,4.612989197941241,0.1998008750489116,0.5801255056036624,0.3374017564384503,0.5210443290687928,0.4246380908367676,0.5756522454729164,0.37635284315639206,0.562093848749043,0.5046402925811752,0.1253091777742293
ci_h,19.253511592497453,4.7953838084358935,0.20243957766254153,0.5870448711944088,0.3478186866480383,0.5312639787070061,0.43543103653841747,0.5817946739720096,0.3859104383821824,0.5708097309595422,0.5140324874941129,0.1293731478160553
