,Micro-F1-14,Macro-F1-14,Micro-F1-5,Macro-F1-5,Micro-F1-14+,Macro-F1-14+,Micro-F1-5+,Macro-F1-5+
median,0.500526872729978,0.279960501172524,0.4036177400021793,0.31849762200467074,0.4987592203237453,0.35605857600934787,0.46108890503875966,0.42728471147642244
ci_l,0.46375580275028466,0.24605460047921074,0.3292966751918159,0.2486074117987737,0.46488638645949354,0.319991984334513,0.4027154717673501,0.36704964848804367
ci_h,0.5366545893719807,0.32105376523222695,0.4730657600132681,0.3710247852552044,0.5317368139893779,0.39524868480086955,0.5140366972477064,0.4822851778586279
