,BLEU-1,BLEU-4,ROUGE-L,Micro-F1-14,Macro-F1-14,Micro-F1-5,Macro-F1-5,Micro-F1-14+,Macro-F1-14+,Micro-F1-5+,Macro-F1-5+,F1-RadGraph
median,9.928313887027489,0.8877417285652843,0.1573263516187167,0.5442866278301743,0.31792306051751007,0.47545854808642785,0.3756224388617123,0.5467353647199955,0.35963828311141977,0.5321469533381378,0.459255890199739,0.023015822892109544
ci_l,9.77064264372523,0.8392848097078738,0.1561264502947098,0.5398780001834219,0.3107556739812201,0.46804239046417967,0.3678977384030311,0.5427110031237318,0.35338437205550577,0.5254802779288728,0.45258074357639877,0.022057776042141063
ci_h,10.08496588020858,0.9355432009060063,0.15853867250679332,0.5495982071381689,0.3253544129956971,0.48271036590333155,0.383750254436594,0.5517940393730079,0.36601386575224515,0.5387702166588074,0.4658478251493915,0.024038554356165878
