,BLEU-1,BLEU-4,ROUGE-L,Micro-F1-14,Macro-F1-14,Micro-F1-5,Macro-F1-5,Micro-F1-14+,Macro-F1-14+,Micro-F1-5+,Macro-F1-5+,F1-RadGraph
median,9.945606876065474,0.8880543128713007,0.15734201508948265,0.5435055045419435,0.3151819022502078,0.4750803866832093,0.37525071140884114,0.5455724714504001,0.3580131676637198,0.5311276656563668,0.4582248407315009,0.023087700509732002
ci_l,9.789448439384465,0.838060900249312,0.1561294630247068,0.5388758448543103,0.3080739464857571,0.46787577913474565,0.36733750728269765,0.5412072139921816,0.35164039218691723,0.5243216512799308,0.45123259858550474,0.022087652692300192
ci_h,10.097958970901967,0.9373428986513324,0.15854132393333498,0.5489449706738335,0.32243064590672293,0.4831302411415813,0.3838155701794621,0.550548174643763,0.3645442916052742,0.5376831425810122,0.46446347776819247,0.024096711819186198
